{"cameraMode":{"drawMode":0,"name":"Shaded","section":"Shading Mode"},"sceneLighting":true,"audioPlay":false,"sceneViewState":{"showFog":true,"showMaterialUpdate":true,"showSkybox":true,"showFlares":true,"showImageEffects":true,"showParticleSystems":true},"in2DMode":false,"pivot":{"x":1785.209228515625,"y":157.23512268066407,"z":221.7486572265625},"rotation":{"x":-0.20419473946094514,"y":0.5375691056251526,"z":0.13489629328250886,"w":0.8071658611297607},"size":2115.85693359375,"orthographic":false}